detalle_id,pedido_id,producto_id,cantidad,subtotal
1,1,17,3,1200.0
2,1,10,8,3840.0
3,2,9,6,2160.0
4,2,18,3,1050.0
5,2,14,10,4400.0
6,3,13,1,470.0
7,3,2,1,280.0
8,3,18,8,2800.0
9,4,8,4,1560.0
10,4,14,2,880.0
11,4,9,1,360.0
12,4,7,1,410.0
13,4,17,3,1200.0
14,5,4,10,3100.0
15,5,9,17,6120.0
16,6,5,5,1900.0
17,6,2,12,3360.0
18,7,14,5,2200.0
19,7,8,4,1560.0
20,7,7,2,820.0
21,7,17,1,400.0
22,7,10,3,1440.0
23,8,2,3,840.0
24,8,16,1,490.0
25,8,8,9,3510.0
26,9,13,4,1880.0
27,9,7,6,2460.0
28,9,1,12,5400.0
29,10,19,4,2320.0
30,10,13,1,470.0
31,10,1,2,900.0
32,10,8,4,1560.0
33,11,13,3,1410.0
34,11,9,2,720.0
35,11,10,6,2880.0
36,12,3,3,1560.0
37,12,2,4,1120.0
38,12,5,6,2280.0
39,12,11,14,4480.0
40,13,14,3,1320.0
41,13,6,5,1200.0
42,13,7,1,410.0
43,13,12,1,420.0
44,13,4,5,1550.0
45,14,10,11,5280.0
46,15,8,20,7800.0
47,16,10,2,960.0
48,16,2,22,6160.0
49,17,9,4,1440.0
50,17,11,3,960.0
51,17,1,1,450.0
52,17,5,1,380.0
53,17,17,3,1200.0
54,18,12,7,2940.0
55,18,11,7,2240.0
56,18,2,2,560.0
57,18,17,8,3200.0
58,19,9,3,1080.0
59,19,3,1,520.0
60,19,17,2,800.0
61,19,13,2,940.0
62,19,14,4,1760.0
63,20,9,5,1800.0
64,20,15,7,3850.0
65,21,10,5,2400.0
66,21,19,2,1160.0
67,21,20,12,5520.0
68,22,10,17,8160.0
69,23,4,4,1240.0
70,23,16,2,980.0
71,23,15,1,550.0
72,23,1,6,2700.0
73,24,3,2,1040.0
74,24,10,1,480.0
75,24,2,1,280.0
76,24,20,1,460.0
77,24,6,3,720.0
78,25,1,5,2250.0
79,25,4,3,930.0
80,25,8,11,4290.0
81,26,12,5,2100.0
82,26,16,5,2450.0
83,26,9,5,1800.0
84,26,6,4,960.0
85,26,2,9,2520.0
86,27,20,2,920.0
87,27,3,1,520.0
88,27,17,1,400.0
89,27,7,1,410.0
90,27,11,3,960.0
91,28,2,3,840.0
92,28,9,1,360.0
93,28,4,12,3720.0
94,29,1,4,1800.0
95,29,15,3,1650.0
96,29,16,2,980.0
97,29,19,1,580.0
98,29,2,5,1400.0
99,30,13,20,9400.0
100,31,17,3,1200.0
101,31,5,5,1900.0
102,32,18,9,3150.0
103,32,4,5,1550.0
104,32,13,2,940.0
105,32,16,4,1960.0
106,33,12,7,2940.0
107,33,10,3,1440.0
108,33,9,4,1440.0
109,33,1,8,3600.0
110,34,20,5,2300.0
111,34,19,3,1740.0
112,34,6,6,1440.0
113,34,13,1,470.0
114,34,2,9,2520.0
115,35,19,14,8120.0
116,36,1,4,1800.0
117,36,12,5,2100.0
118,36,16,11,5390.0
119,37,13,16,7520.0
120,38,8,4,1560.0
121,38,5,2,760.0
122,38,18,5,1750.0
123,39,10,1,480.0
124,39,3,2,1040.0
125,39,8,1,390.0
126,39,13,1,470.0
127,39,16,2,980.0
128,40,16,10,4900.0
129,41,11,5,1600.0
130,41,20,13,5980.0
131,42,5,4,1520.0
132,42,7,2,820.0
133,42,1,7,3150.0
134,43,17,2,800.0
135,43,6,13,3120.0
136,44,3,1,520.0
137,44,14,2,880.0
138,44,20,1,460.0
139,44,17,1,400.0
140,44,2,5,1400.0
141,45,18,4,1400.0
142,45,20,16,7360.0
143,46,20,6,2760.0
144,47,18,4,1400.0
145,47,19,3,1740.0
146,47,17,7,2800.0
147,48,11,10,3200.0
148,48,1,1,450.0
149,48,18,2,700.0
150,48,12,7,2940.0
151,49,12,3,1260.0
152,49,17,6,2400.0
153,49,19,1,580.0
154,49,2,2,560.0
155,49,13,5,2350.0
156,50,7,3,1230.0
157,50,12,1,420.0
158,50,18,4,1400.0
159,51,9,24,8640.0
160,52,10,15,7200.0
161,53,2,2,560.0
162,53,11,3,960.0
163,53,18,4,1400.0
164,54,10,7,3360.0
165,54,15,3,1650.0
166,54,7,8,3280.0
167,55,10,2,960.0
168,55,2,7,1960.0
169,55,1,2,900.0
170,55,17,9,3600.0
171,56,10,1,480.0
172,56,20,2,920.0
173,56,15,2,1100.0
174,57,6,3,720.0
175,57,7,7,2870.0
176,58,2,1,280.0
177,58,11,1,320.0
178,58,7,1,410.0
179,58,17,1,400.0
180,59,15,1,550.0
181,59,14,1,440.0
182,59,11,1,320.0
183,60,7,2,820.0
184,60,5,1,380.0
185,60,2,1,280.0
186,60,9,1,360.0
187,60,15,1,550.0
188,61,2,6,1680.0
189,62,15,2,1100.0
190,62,6,3,720.0
191,62,9,1,360.0
192,62,3,1,520.0
193,62,11,1,320.0
194,63,13,2,940.0
195,63,15,4,2200.0
196,64,5,1,380.0
197,64,12,8,3360.0
198,65,20,2,920.0
199,65,4,7,2170.0
200,66,4,3,930.0
201,66,5,2,760.0
202,66,1,1,450.0
203,66,17,2,800.0
204,67,17,1,400.0
205,67,11,1,320.0
206,67,13,1,470.0
207,67,14,1,440.0
208,68,19,1,580.0
209,68,12,1,420.0
210,68,14,1,440.0
211,68,9,1,360.0
212,69,8,1,390.0
213,69,11,3,960.0
214,69,17,1,400.0
215,69,16,1,490.0
216,69,14,2,880.0
217,70,16,5,2450.0
218,71,6,2,480.0
219,71,18,1,350.0
220,71,13,1,470.0
221,71,19,1,580.0
222,72,7,1,410.0
223,72,12,1,420.0
224,72,8,1,390.0
225,72,1,1,450.0
226,73,2,6,1680.0
227,74,2,4,1120.0
228,74,11,5,1600.0
229,75,10,1,480.0
230,75,1,1,450.0
231,75,17,4,1600.0
232,76,11,10,3200.0
233,77,14,2,880.0
234,78,11,1,320.0
235,78,14,1,440.0
236,79,10,2,960.0
237,79,2,3,840.0
238,79,4,5,1550.0
239,80,3,1,520.0
240,80,1,2,900.0
241,80,10,1,480.0
242,80,15,3,1650.0
243,81,14,8,3520.0
244,82,9,2,720.0
245,82,15,1,550.0
246,82,18,5,1750.0
247,83,6,3,720.0
248,83,10,2,960.0
249,83,2,1,280.0
250,83,19,1,580.0
251,83,16,1,490.0
252,84,11,1,320.0
253,84,6,5,1200.0
254,85,14,1,440.0
255,85,10,1,480.0
256,85,20,1,460.0
257,85,16,1,490.0
258,85,15,1,550.0
259,86,17,1,400.0
260,86,7,2,820.0
261,86,19,1,580.0
262,86,11,1,320.0
263,86,15,2,1100.0
264,87,19,3,1740.0
265,88,19,1,580.0
266,88,2,5,1400.0
267,89,6,4,960.0
268,89,20,2,920.0
269,89,3,3,1560.0
270,90,2,5,1400.0
271,91,7,4,1640.0
272,91,19,3,1740.0
273,91,8,4,1560.0
274,91,12,7,2940.0
275,92,9,7,2520.0
276,92,12,2,840.0
277,92,4,5,1550.0
278,92,7,2,820.0
279,92,2,8,2240.0
280,93,9,5,1800.0
281,93,20,5,2300.0
282,93,7,13,5330.0
283,94,3,2,1040.0
284,94,16,1,490.0
285,94,17,1,400.0
286,94,10,3,1440.0
287,95,14,6,2640.0
288,95,18,20,7000.0
289,96,8,7,2730.0
290,96,6,7,1680.0
291,96,9,6,2160.0
292,97,16,3,1470.0
293,97,14,11,4840.0
294,98,6,4,960.0
295,98,9,1,360.0
296,98,3,1,520.0
297,98,17,1,400.0
298,99,6,1,240.0
299,99,18,1,350.0
300,99,17,1,400.0
301,99,7,1,410.0
302,100,20,1,460.0
303,100,1,1,450.0
304,100,2,1,280.0
305,100,12,1,420.0
306,100,16,1,490.0
307,101,17,3,1200.0
308,101,2,8,2240.0
309,102,20,1,460.0
310,102,15,2,1100.0
311,102,8,5,1950.0
312,103,4,2,620.0
313,103,20,3,1380.0
314,104,5,1,380.0
315,104,6,1,240.0
316,104,14,1,440.0
317,104,10,1,480.0
318,104,11,1,320.0
319,105,2,2,560.0
320,105,13,1,470.0
321,105,9,1,360.0
322,105,4,1,310.0
323,106,9,1,360.0
324,106,6,6,1440.0
325,107,7,1,410.0
326,107,4,1,310.0
327,107,15,1,550.0
328,108,5,2,760.0
329,108,18,1,350.0
330,108,10,1,480.0
331,108,11,1,320.0
332,108,17,2,800.0
333,109,8,2,780.0
334,110,14,2,880.0
335,110,1,5,2250.0
336,111,5,3,1140.0
337,111,20,1,460.0
338,111,8,4,1560.0
339,112,6,13,3120.0
340,112,11,3,960.0
341,112,15,8,4400.0
342,113,14,12,5280.0
343,114,12,7,2940.0
344,114,19,11,6380.0
345,115,5,3,1140.0
346,115,12,5,2100.0
347,116,16,1,490.0
348,116,12,4,1680.0
349,116,18,7,2450.0
350,117,15,5,2750.0
351,117,10,4,1920.0
352,117,9,8,2880.0
353,118,10,8,3840.0
354,118,9,17,6120.0
355,119,2,34,9520.0
356,120,11,14,4480.0
357,121,19,3,1740.0
358,121,11,6,1920.0
359,121,8,3,1170.0
360,121,9,3,1080.0
361,121,4,12,3720.0
362,122,18,17,5950.0
363,122,6,18,4320.0
364,122,4,29,8990.0
365,123,6,19,4560.0
366,123,4,11,3410.0
367,123,3,3,1560.0
368,123,9,2,720.0
369,123,2,8,2240.0
370,124,5,13,4940.0
371,124,7,8,3280.0
372,124,2,30,8400.0
373,125,14,22,9680.0
374,125,18,6,2100.0
375,125,1,23,10350.0
376,126,1,21,9450.0
377,127,3,7,3640.0
378,127,5,5,1900.0
379,127,10,9,4320.0
380,128,15,38,20900.0
381,129,5,3,1140.0
382,129,20,5,2300.0
383,130,19,4,2320.0
384,131,11,3,960.0
385,131,10,2,960.0
386,131,7,1,410.0
387,131,4,4,1240.0
388,132,19,1,580.0
389,132,12,1,420.0
390,132,10,1,480.0
391,132,15,1,550.0
392,132,17,1,400.0
393,133,13,1,470.0
394,133,17,1,400.0
395,133,20,1,460.0
396,133,15,2,1100.0
397,134,9,3,1080.0
398,134,8,5,1950.0
399,135,4,7,2170.0
400,136,9,10,3600.0
401,137,16,1,490.0
402,137,9,1,360.0
403,137,14,1,440.0
404,137,7,1,410.0
405,138,6,1,240.0
406,138,18,1,350.0
407,138,12,1,420.0
408,139,16,1,490.0
409,139,8,1,390.0
410,139,5,1,380.0
411,139,18,1,350.0
412,139,6,1,240.0
413,140,3,2,1040.0
414,140,2,1,280.0
415,140,6,1,240.0
416,140,9,1,360.0
417,140,5,2,760.0
418,141,4,2,620.0
419,141,18,5,1750.0
420,142,6,5,1200.0
421,143,15,3,1650.0
422,144,1,1,450.0
423,144,18,1,350.0
424,144,12,1,420.0
425,144,20,1,460.0
426,144,2,1,280.0
427,145,8,1,390.0
428,145,19,1,580.0
429,145,20,2,920.0
430,146,18,1,350.0
431,146,14,1,440.0
432,146,7,1,410.0
433,146,9,1,360.0
434,147,12,5,2100.0
435,147,6,9,2160.0
436,147,9,1,360.0
437,147,4,3,930.0
438,147,3,4,2080.0
439,148,5,24,9120.0
440,149,4,11,3410.0
441,149,3,10,5200.0
442,150,18,28,9800.0
443,151,18,3,1050.0
444,151,8,3,1170.0
445,151,5,10,3800.0
446,152,9,17,6120.0
447,153,17,4,1600.0
448,153,7,1,410.0
449,153,15,1,550.0
450,153,6,2,480.0
451,153,1,2,900.0
452,154,11,8,2560.0
453,154,13,14,6580.0
454,155,11,4,1280.0
455,155,13,1,470.0
456,155,2,2,560.0
457,155,7,3,1230.0
458,156,2,4,1120.0
459,156,9,2,720.0
460,156,4,6,1860.0
461,157,1,1,450.0
462,157,14,1,440.0
463,157,3,1,520.0
464,157,4,5,1550.0
465,158,20,1,460.0
466,158,14,2,880.0
467,158,4,2,620.0
468,158,2,2,560.0
469,158,9,3,1080.0
470,159,11,9,2880.0
471,159,18,6,2100.0
472,159,19,1,580.0
473,159,4,5,1550.0
474,159,16,4,1960.0
475,160,20,4,1840.0
476,160,8,3,1170.0
477,160,6,5,1200.0
478,160,13,2,940.0
479,160,5,8,3040.0
480,161,9,4,1440.0
481,161,12,13,5460.0
482,162,13,5,2350.0
483,162,1,1,450.0
484,162,8,4,1560.0
485,162,17,6,2400.0
486,163,19,5,2900.0
487,163,1,3,1350.0
488,163,11,3,960.0
489,163,13,1,470.0
490,163,20,7,3220.0
491,164,4,7,2170.0
492,164,5,2,760.0
493,164,17,6,2400.0
494,165,8,2,780.0
495,165,11,1,320.0
496,165,20,3,1380.0
497,165,5,5,1900.0
498,166,13,5,2350.0
499,166,15,1,550.0
500,166,4,1,310.0
501,166,8,2,780.0
502,166,20,5,2300.0
503,167,3,3,1560.0
504,167,9,2,720.0
505,167,13,1,470.0
506,167,18,1,350.0
507,167,6,7,1680.0
508,168,8,2,780.0
509,168,2,2,560.0
510,168,1,1,450.0
511,168,6,1,240.0
512,168,9,4,1440.0
513,169,16,8,3920.0
514,169,8,5,1950.0
515,169,18,2,700.0
516,169,5,8,3040.0
517,170,16,4,1960.0
518,170,1,3,1350.0
519,170,15,2,1100.0
520,170,8,6,2340.0
521,171,6,7,1680.0
522,171,9,1,360.0
523,171,17,6,2400.0
524,172,19,13,7540.0
525,173,13,1,470.0
526,173,7,3,1230.0
527,173,15,5,2750.0
528,174,5,9,3420.0
529,174,7,5,2050.0
530,174,6,5,1200.0
531,174,3,5,2600.0
532,175,1,7,3150.0
533,175,3,9,4680.0
534,176,10,5,2400.0
535,176,19,2,1160.0
536,176,15,2,1100.0
537,176,11,1,320.0
538,176,18,6,2100.0
539,177,20,3,1380.0
540,177,11,3,960.0
541,177,15,4,2200.0
542,177,10,10,4800.0
543,178,10,7,3360.0
544,179,5,18,6840.0
545,180,18,22,7700.0
546,181,1,4,1800.0
547,181,19,2,1160.0
548,181,15,8,4400.0
549,182,14,13,5720.0
550,183,14,5,2200.0
551,183,13,4,1880.0
552,183,5,4,1520.0
553,183,19,4,2320.0
554,184,13,1,470.0
555,184,1,1,450.0
556,184,8,1,390.0
557,184,3,1,520.0
558,184,19,1,580.0
559,185,1,2,900.0
560,185,7,2,820.0
561,185,11,4,1280.0
562,186,3,2,1040.0
563,187,5,2,760.0
564,187,19,1,580.0
565,187,17,5,2000.0
566,188,3,1,520.0
567,188,1,2,900.0
568,188,18,5,1750.0
569,189,7,1,410.0
570,189,20,7,3220.0
571,190,8,5,1950.0
572,191,14,7,3080.0
573,192,8,2,780.0
574,192,1,1,450.0
575,192,4,1,310.0
576,192,16,2,980.0
577,193,19,1,580.0
578,193,2,2,560.0
579,193,1,2,900.0
580,193,11,5,1600.0
581,194,6,4,960.0
582,194,3,3,1560.0
583,195,7,1,410.0
584,195,12,1,420.0
585,195,19,1,580.0
586,195,17,4,1600.0
587,196,1,2,900.0
588,196,6,2,480.0
589,196,4,1,310.0
590,196,11,1,320.0
591,196,19,2,1160.0
592,197,20,3,1380.0
593,197,13,1,470.0
594,197,19,3,1740.0
595,198,10,2,960.0
596,198,17,1,400.0
597,198,4,2,620.0
598,198,15,1,550.0
599,198,20,1,460.0
600,199,4,2,620.0
601,199,2,9,2520.0
602,200,4,7,2170.0
603,201,7,8,3280.0
604,202,13,2,940.0
605,202,14,1,440.0
606,202,3,2,1040.0
607,203,2,8,2240.0
608,204,14,1,440.0
609,204,11,1,320.0
610,204,5,1,380.0
611,204,16,1,490.0
612,204,1,1,450.0
613,205,15,1,550.0
614,205,4,1,310.0
615,205,1,1,450.0
616,205,3,3,1560.0
617,206,14,8,3520.0
618,207,5,1,380.0
619,207,2,1,280.0
620,207,10,1,480.0
621,207,14,2,880.0
622,208,9,3,1080.0
623,208,3,1,520.0
624,208,8,1,390.0
625,208,14,3,1320.0
626,209,16,2,980.0
627,209,1,1,450.0
628,209,20,2,920.0
629,210,14,1,440.0
630,210,10,1,480.0
631,210,2,1,280.0
632,210,5,1,380.0
633,210,17,1,400.0
634,211,11,11,3520.0
635,212,11,1,320.0
636,212,16,1,490.0
637,212,7,5,2050.0
638,213,12,7,2940.0
639,214,8,1,390.0
640,214,19,1,580.0
641,214,14,1,440.0
642,215,15,2,1100.0
643,215,16,2,980.0
644,215,1,3,1350.0
645,216,12,8,3360.0
646,217,15,1,550.0
647,218,17,1,400.0
648,218,13,1,470.0
649,218,9,6,2160.0
650,219,5,2,760.0
651,219,12,1,420.0
652,219,9,3,1080.0
653,220,13,1,470.0
654,220,8,1,390.0
655,220,5,1,380.0
656,220,4,1,310.0
657,220,3,1,520.0
658,221,7,2,820.0
659,221,10,1,480.0
660,221,13,1,470.0
661,221,14,1,440.0
662,221,9,1,360.0
663,222,8,1,390.0
664,222,13,1,470.0
665,222,15,1,550.0
666,222,12,1,420.0
667,222,17,1,400.0
668,223,8,1,390.0
669,223,6,7,1680.0
670,224,4,3,930.0
671,224,8,1,390.0
672,224,14,1,440.0
673,224,5,1,380.0
674,224,6,4,960.0
675,225,5,1,380.0
676,225,6,1,240.0
677,225,16,1,490.0
678,225,20,1,460.0
679,226,3,1,520.0
680,226,4,5,1550.0
681,227,6,4,960.0
682,228,11,2,640.0
683,228,6,1,240.0
684,228,20,1,460.0
685,228,15,2,1100.0
686,229,4,3,930.0
687,229,5,3,1140.0
688,230,10,1,480.0
689,230,11,1,320.0
690,230,3,1,520.0
691,230,20,1,460.0
692,231,9,5,1800.0
693,232,5,52,19760.0
694,233,13,12,5640.0
695,233,9,5,1800.0
696,233,1,3,1350.0
697,233,2,5,1400.0
698,233,14,12,5280.0
699,234,15,6,3300.0
700,234,14,40,17600.0
701,235,18,21,7350.0
702,235,8,8,3120.0
703,235,20,26,11960.0
704,236,3,9,4680.0
705,236,6,12,2880.0
706,236,1,11,4950.0
707,237,5,11,4180.0
708,237,4,6,1860.0
709,237,16,8,3920.0
710,237,3,2,1040.0
711,237,15,7,3850.0
712,238,8,10,3900.0
713,238,5,7,2660.0
714,238,6,18,4320.0
715,238,14,10,4400.0
716,238,19,12,6960.0
717,239,19,6,3480.0
718,239,7,12,4920.0
719,240,6,10,2400.0
720,240,17,28,11200.0
721,241,1,13,5850.0
722,241,7,32,13120.0
723,242,1,9,4050.0
724,242,14,10,4400.0
725,242,6,11,2640.0
726,242,19,18,10440.0
727,243,3,10,5200.0
728,243,10,5,2400.0
729,243,6,18,4320.0
730,243,19,18,10440.0
731,244,19,18,10440.0
732,244,15,3,1650.0
733,244,16,5,2450.0
734,244,8,5,1950.0
735,244,9,21,7560.0
736,245,16,9,4410.0
737,245,11,8,2560.0
738,245,13,4,1880.0
739,245,18,2,700.0
740,245,1,7,3150.0
741,246,6,32,7680.0
742,246,8,5,1950.0
743,246,19,5,2900.0
744,246,14,14,6160.0
745,247,5,8,3040.0
746,247,10,3,1440.0
747,247,6,7,1680.0
748,247,11,7,2240.0
749,248,2,19,5320.0
750,248,9,15,5400.0
751,248,19,3,1740.0
752,248,1,14,6300.0
753,249,8,23,8970.0
754,249,3,24,12480.0
755,250,3,6,3120.0
756,250,18,54,18900.0
757,251,10,11,5280.0
758,251,9,6,2160.0
759,251,5,3,1140.0
760,251,7,9,3690.0
761,252,4,68,21080.0
762,253,4,14,4340.0
763,253,19,4,2320.0
764,253,11,6,1920.0
765,253,17,4,1600.0
766,253,10,5,2400.0
767,254,16,43,21070.0
768,255,7,8,3280.0
769,255,6,3,720.0
770,255,15,1,550.0
771,255,13,1,470.0
772,255,11,11,3520.0
773,256,14,6,2640.0
774,256,17,2,800.0
775,256,11,2,640.0
776,256,8,6,2340.0
777,257,1,3,1350.0
778,257,20,9,4140.0
779,258,3,3,1560.0
780,258,5,4,1520.0
781,258,20,5,2300.0
782,258,19,5,2900.0
783,259,11,6,1920.0
784,259,14,16,7040.0
785,260,18,2,700.0
786,260,8,6,2340.0
787,261,1,4,1800.0
788,261,2,24,6720.0
789,262,10,3,1440.0
790,262,7,3,1230.0
791,262,5,11,4180.0
792,263,17,5,2000.0
793,263,2,5,1400.0
794,263,19,8,4640.0
795,264,17,4,1600.0
796,264,9,1,360.0
797,264,1,1,450.0
798,264,6,1,240.0
799,264,16,2,980.0
800,265,8,20,7800.0
801,266,10,3,1440.0
802,266,19,1,580.0
803,266,12,2,840.0
804,266,4,6,1860.0
805,266,9,8,2880.0
806,267,15,6,3300.0
807,267,6,10,2400.0
808,267,1,2,900.0
809,267,14,1,440.0
810,267,3,3,1560.0
811,268,16,3,1470.0
812,268,12,1,420.0
813,268,20,10,4600.0
814,269,20,5,2300.0
815,269,10,4,1920.0
816,269,8,4,1560.0
817,269,5,6,2280.0
818,270,16,4,1960.0
819,270,19,11,6380.0
820,271,11,2,640.0
821,271,17,10,4000.0
822,272,20,17,7820.0
823,273,3,12,6240.0
824,274,6,5,1200.0
825,274,16,2,980.0
826,274,19,1,580.0
827,274,18,1,350.0
828,274,3,1,520.0
829,275,12,1,420.0
830,275,8,3,1170.0
831,275,20,1,460.0
832,275,15,2,1100.0
833,276,6,11,2640.0
834,276,9,4,1440.0
835,276,5,12,4560.0
836,277,8,27,10530.0
837,278,6,38,9120.0
838,279,15,9,4950.0
839,279,2,18,5040.0
840,279,18,8,2800.0
841,279,9,19,6840.0
842,280,8,13,5070.0
843,280,17,7,2800.0
844,280,20,3,1380.0
845,280,2,2,560.0
846,280,19,4,2320.0
847,281,18,9,3150.0
848,281,15,3,1650.0
849,281,8,1,390.0
850,281,10,5,2400.0
851,282,17,18,7200.0
852,282,7,5,2050.0
853,282,5,3,1140.0
854,282,16,15,7350.0
855,283,20,11,5060.0
856,283,3,32,16640.0
857,284,7,11,4510.0
858,284,11,61,19520.0
859,285,19,16,9280.0
860,286,8,9,3510.0
861,286,20,5,2300.0
862,286,17,37,14800.0
863,287,19,12,6960.0
864,287,1,12,5400.0
865,287,17,4,1600.0
866,287,12,7,2940.0
867,287,6,32,7680.0
868,288,4,37,11470.0
869,289,14,5,2200.0
870,289,3,4,2080.0
871,289,4,4,1240.0
872,289,12,7,2940.0
873,290,13,10,4700.0
874,290,9,13,4680.0
875,290,4,8,2480.0
876,290,5,34,12920.0
877,291,4,15,4650.0
878,291,9,18,6480.0
879,291,5,7,2660.0
880,291,17,24,9600.0
881,292,15,10,5500.0
882,292,19,5,2900.0
883,292,10,3,1440.0
884,292,17,26,10400.0
885,293,7,15,6150.0
886,293,16,37,18130.0
887,294,14,20,8800.0
888,294,15,4,2200.0
889,294,5,10,3800.0
890,294,18,3,1050.0
891,294,2,17,4760.0
892,295,4,11,3410.0
893,295,10,1,480.0
894,295,15,8,4400.0
895,296,17,11,4400.0
896,296,14,3,1320.0
897,296,12,1,420.0
898,296,4,4,1240.0
899,296,8,6,2340.0
900,297,13,15,7050.0
901,297,16,7,3430.0
902,297,20,2,920.0
903,297,19,2,1160.0
904,297,10,9,4320.0
905,298,19,6,3480.0
906,298,14,22,9680.0
907,299,10,14,6720.0
908,299,11,31,9920.0
909,300,18,8,2800.0
910,300,11,28,8960.0
911,301,7,1,410.0
912,301,10,1,480.0
913,301,15,1,550.0
914,302,4,1,310.0
915,302,8,1,390.0
916,302,17,1,400.0
917,302,16,1,490.0
918,303,15,1,550.0
919,303,19,1,580.0
920,304,1,1,450.0
921,304,10,1,480.0
922,304,8,3,1170.0
923,305,15,2,1100.0
924,305,17,2,800.0
925,305,10,4,1920.0
926,306,18,1,350.0
927,306,19,1,580.0
928,306,16,1,490.0
929,307,12,4,1680.0
930,308,1,1,450.0
931,308,9,1,360.0
932,308,4,1,310.0
933,308,7,1,410.0
934,309,20,3,1380.0
935,309,19,1,580.0
936,309,14,1,440.0
937,309,1,2,900.0
938,310,9,1,360.0
939,310,3,3,1560.0
940,311,1,2,900.0
941,311,18,2,700.0
942,311,16,1,490.0
943,311,6,1,240.0
944,311,2,5,1400.0
945,312,13,8,3760.0
946,313,4,5,1550.0
947,313,20,4,1840.0
948,314,14,1,440.0
949,314,7,2,820.0
950,314,10,2,960.0
951,314,2,1,280.0
952,314,16,3,1470.0
953,315,9,3,1080.0
954,315,4,3,930.0
955,315,17,1,400.0
956,315,10,2,960.0
957,316,2,1,280.0
958,316,7,1,410.0
959,316,4,2,620.0
960,316,19,1,580.0
961,317,18,1,350.0
962,317,3,1,520.0
963,317,2,4,1120.0
964,318,5,24,9120.0
965,318,3,5,2600.0
966,318,15,17,9350.0
967,319,6,31,7440.0
968,319,7,13,5330.0
969,319,3,6,3120.0
970,319,9,19,6840.0
971,320,4,8,2480.0
972,320,15,4,2200.0
973,320,1,2,900.0
974,320,2,5,1400.0
975,320,14,9,3960.0
976,321,13,14,6580.0
977,321,4,7,2170.0
978,321,9,21,7560.0
979,322,15,9,4950.0
980,322,8,12,4680.0
981,322,5,6,2280.0
982,322,3,8,4160.0
983,322,19,9,5220.0
984,323,1,46,20700.0
985,324,17,7,2800.0
986,324,4,12,3720.0
987,324,3,5,2600.0
988,324,5,8,3040.0
989,324,9,15,5400.0
990,325,5,38,14440.0
991,326,16,19,9310.0
992,326,18,10,3500.0
993,326,17,4,1600.0
994,326,12,20,8400.0
995,327,15,8,4400.0
996,327,6,72,17280.0
997,328,6,24,5760.0
998,329,4,4,1240.0
999,329,11,7,2240.0
1000,329,10,3,1440.0
1001,329,19,2,1160.0
1002,329,3,3,1560.0
1003,330,19,7,4060.0
1004,331,11,10,3200.0
1005,332,6,10,2400.0
1006,332,12,4,1680.0
1007,332,15,2,1100.0
1008,332,20,2,920.0
1009,332,2,9,2520.0
1010,333,2,7,1960.0
1011,333,6,3,720.0
1012,333,20,1,460.0
1013,333,7,2,820.0
1014,333,4,9,2790.0
1015,334,7,7,2870.0
1016,334,4,2,620.0
1017,334,16,1,490.0
1018,334,14,6,2640.0
1019,335,6,8,1920.0
1020,335,3,4,2080.0
1021,335,14,4,1760.0
1022,335,12,7,2940.0
1023,336,17,3,1200.0
1024,336,8,2,780.0
1025,336,5,8,3040.0
1026,337,12,4,1680.0
1027,337,3,1,520.0
1028,337,14,12,5280.0
1029,338,9,2,720.0
1030,338,10,2,960.0
1031,338,8,2,780.0
1032,338,4,1,310.0
1033,338,7,3,1230.0
1034,339,3,1,520.0
1035,339,11,8,2560.0
1036,340,14,5,2200.0
1037,340,19,7,4060.0
1038,340,1,4,1800.0
1039,340,18,16,5600.0
1040,341,3,42,21840.0
1041,342,6,10,2400.0
1042,342,20,2,920.0
1043,342,13,1,470.0
1044,342,14,1,440.0
1045,342,8,9,3510.0
1046,343,4,43,13330.0
1047,344,15,8,4400.0
1048,344,18,28,9800.0
1049,345,13,4,1880.0
1050,345,11,11,3520.0
1051,345,3,1,520.0
1052,345,18,12,4200.0
1053,346,4,49,15190.0
1054,347,8,28,10920.0
1055,348,18,13,4550.0
1056,348,4,20,6200.0
1057,349,8,4,1560.0
1058,349,11,7,2240.0
1059,349,5,6,2280.0
1060,349,13,2,940.0
1061,349,1,8,3600.0
1062,350,6,10,2400.0
1063,350,8,3,1170.0
1064,350,18,15,5250.0
1065,351,12,15,6300.0
1066,351,20,35,16100.0
1067,352,11,14,4480.0
1068,352,1,5,2250.0
1069,352,16,6,2940.0
1070,352,13,23,10810.0
1071,353,2,32,8960.0
1072,354,16,10,4900.0
1073,354,5,17,6460.0
1074,354,8,8,3120.0
1075,354,1,16,7200.0
1076,355,6,12,2880.0
1077,355,5,4,1520.0
1078,355,10,3,1440.0
1079,355,20,3,1380.0
1080,355,7,8,3280.0
1081,356,16,31,15190.0
1082,357,12,31,13020.0
1083,358,13,41,19270.0
1084,359,11,29,9280.0
1085,359,14,6,2640.0
1086,359,13,4,1880.0
1087,359,10,4,1920.0
1088,359,6,29,6960.0
1089,360,19,7,4060.0
1090,360,5,12,4560.0
1091,360,11,8,2560.0
1092,360,16,8,3920.0
1093,361,13,11,5170.0
1094,361,10,10,4800.0
1095,361,19,5,2900.0
1096,361,17,24,9600.0
1097,362,4,12,3720.0
1098,362,15,16,8800.0
1099,363,11,3,960.0
1100,363,6,3,720.0
1101,363,3,1,520.0
1102,363,2,5,1400.0
1103,364,19,1,580.0
1104,364,8,2,780.0
1105,365,18,3,1050.0
1106,365,14,5,2200.0
1107,366,5,1,380.0
1108,366,4,1,310.0
1109,366,14,1,440.0
1110,366,3,1,520.0
1111,367,16,2,980.0
1112,367,14,1,440.0
1113,367,9,5,1800.0
1114,368,16,2,980.0
1115,368,14,1,440.0
1116,368,1,1,450.0
1117,368,15,2,1100.0
1118,369,8,3,1170.0
1119,369,6,10,2400.0
1120,370,15,1,550.0
1121,370,19,1,580.0
1122,370,14,2,880.0
1123,371,19,1,580.0
1124,371,10,1,480.0
1125,371,18,4,1400.0
1126,372,5,1,380.0
1127,372,16,1,490.0
1128,372,15,1,550.0
1129,372,12,1,420.0
1130,373,14,1,440.0
1131,373,11,3,960.0
1132,373,19,1,580.0
1133,373,17,2,800.0
1134,374,15,1,550.0
1135,374,19,2,1160.0
1136,374,17,1,400.0
1137,374,10,1,480.0
1138,374,4,2,620.0
1139,375,2,2,560.0
1140,375,3,3,1560.0
1141,376,9,1,360.0
1142,376,11,2,640.0
1143,376,20,1,460.0
1144,376,7,2,820.0
1145,377,3,15,7800.0
1146,378,18,6,2100.0
1147,378,2,8,2240.0
1148,378,6,3,720.0
1149,378,16,6,2940.0
1150,379,7,11,4510.0
1151,380,20,13,5980.0
1152,381,19,13,7540.0
1153,381,16,6,2940.0
1154,381,20,23,10580.0
1155,382,19,28,16240.0
1156,383,20,18,8280.0
1157,384,6,13,3120.0
1158,384,2,12,3360.0
1159,384,15,12,6600.0
1160,385,18,20,7000.0
1161,385,14,28,12320.0
1162,386,12,4,1680.0
1163,386,2,5,1400.0
1164,386,7,4,1640.0
1165,386,13,2,940.0
1166,386,19,5,2900.0
1167,387,9,52,18720.0
1168,388,6,75,18000.0
1169,389,11,4,1280.0
1170,389,9,3,1080.0
1171,389,18,1,350.0
1172,389,15,1,550.0
1173,389,17,1,400.0
1174,390,8,2,780.0
1175,390,17,2,800.0
1176,390,12,1,420.0
1177,390,3,1,520.0
1178,390,11,2,640.0
1179,391,6,5,1200.0
1180,391,7,15,6150.0
1181,392,17,4,1600.0
1182,392,13,6,2820.0
1183,392,19,7,4060.0
1184,393,7,1,410.0
1185,393,10,1,480.0
1186,393,13,1,470.0
1187,393,11,6,1920.0
1188,394,19,6,3480.0
1189,395,4,20,6200.0
1190,396,4,7,2170.0
1191,396,13,6,2820.0
1192,396,11,6,1920.0
1193,396,16,1,490.0
1194,396,12,5,2100.0
1195,397,10,7,3360.0
1196,397,7,3,1230.0
1197,397,4,6,1860.0
1198,397,2,9,2520.0
1199,398,8,4,1560.0
1200,398,9,2,720.0
1201,398,20,9,4140.0
1202,399,14,17,7480.0
1203,400,1,6,2700.0
1204,401,15,1,550.0
1205,401,11,1,320.0
1206,401,2,2,560.0
1207,402,7,2,820.0
1208,402,20,1,460.0
1209,402,17,1,400.0
1210,402,16,1,490.0
1211,403,17,2,800.0
1212,403,8,1,390.0
1213,403,1,1,450.0
1214,403,16,1,490.0
1215,404,9,2,720.0
1216,404,10,1,480.0
1217,404,13,1,470.0
1218,404,5,1,380.0
1219,404,20,2,920.0
1220,405,20,1,460.0
1221,405,13,1,470.0
1222,405,3,1,520.0
1223,405,6,4,960.0
1224,406,17,5,2000.0
1225,407,8,2,780.0
1226,407,9,2,720.0
1227,407,11,2,640.0
1228,407,13,1,470.0
1229,407,12,2,840.0
1230,408,5,2,760.0
1231,408,2,2,560.0
1232,408,14,1,440.0
1233,408,12,1,420.0
1234,408,8,1,390.0
1235,409,6,2,480.0
1236,409,17,1,400.0
1237,409,11,1,320.0
1238,409,10,1,480.0
1239,410,15,14,7700.0
1240,410,10,30,14400.0
1241,411,17,50,20000.0
1242,412,15,8,4400.0
1243,412,3,7,3640.0
1244,412,16,3,1470.0
1245,412,17,23,9200.0
