pedido_id,cliente_id,fecha_pedido,monto_total,estado
1,1,2024-02-05,5277.8,Completado
2,1,2026-03-07,8046.58,Completado
3,1,2024-11-21,3655.72,Completado
4,1,2025-11-14,4707.93,Pendiente
5,1,2024-07-19,9244.33,Completado
6,1,2023-08-17,5450.55,Completado
7,1,2025-05-31,6447.62,Completado
8,1,2025-03-29,4965.41,Completado
9,2,2023-08-09,9961.85,Completado
10,2,2024-12-22,5591.11,Completado
11,2,2024-04-28,5315.25,Completado
12,2,2025-03-21,9745.34,Completado
13,2,2024-01-30,5139.88,Completado
14,2,2023-11-28,5608.81,Completado
15,2,2025-02-08,7872.21,Completado
16,2,2025-04-09,7305.05,Cancelado
17,2,2026-03-11,4779.15,Completado
18,2,2025-09-15,8940.69,Completado
19,2,2024-03-25,5516.44,Completado
20,2,2025-08-20,5938.47,Completado
21,2,2024-09-03,9392.68,Completado
22,2,2023-08-28,8588.07,Completado
23,2,2024-12-16,5777.49,Completado
24,2,2024-11-05,3193.32,Completado
25,2,2025-07-19,7704.18,Completado
26,2,2025-02-17,9872.89,Completado
27,2,2025-02-12,3213.5,Completado
28,2,2025-11-07,5122.86,Completado
29,2,2025-03-27,6655.7,Completado
30,2,2026-04-22,9756.76,Completado
31,2,2025-09-04,3361.77,Completado
32,2,2023-09-08,7896.59,Completado
33,3,2024-05-06,9786.76,Completado
34,3,2025-05-31,8566.3,Completado
35,3,2025-04-06,8208.3,Completado
36,3,2024-11-27,9738.54,Completado
37,3,2024-09-07,7819.5,Completado
38,3,2025-05-06,4095.06,Completado
39,3,2025-05-10,3657.11,Completado
40,3,2024-04-04,4959.54,Pendiente
41,3,2026-05-06,7599.78,Completado
42,3,2025-12-19,5937.2,Completado
43,3,2025-05-28,4110.53,Completado
44,3,2024-05-22,3812.51,Completado
45,3,2023-11-13,8988.22,Completado
46,3,2024-03-02,3120.13,Completado
47,3,2024-07-17,6314.3,Completado
48,3,2025-08-14,7548.42,Completado
49,3,2025-09-07,7445.66,Completado
50,3,2024-03-21,3107.13,Completado
51,3,2025-04-10,8995.43,Completado
52,3,2025-01-08,7310.96,Completado
53,3,2024-04-25,3185.58,Completado
54,3,2024-11-28,8606.65,Completado
55,3,2025-06-16,7503.02,Completado
56,4,2025-08-19,2803.01,Completado
57,4,2024-05-31,3697.12,Completado
58,4,2025-01-15,1486.69,Completado
59,4,2024-08-24,1102.22,Completado
60,4,2026-04-12,2898.31,Completado
61,4,2025-08-08,1890.0,Completado
62,4,2024-06-28,3017.25,Completado
63,4,2024-02-28,3607.91,Completado
64,4,2024-09-17,3896.26,Completado
65,4,2026-05-02,3201.97,Completado
66,4,2025-11-03,3141.27,Completado
67,4,2024-03-20,1890.57,Completado
68,4,2024-01-21,1563.51,Completado
69,4,2024-09-19,3214.54,Completado
70,4,2024-09-13,2509.85,Completado
71,4,2025-12-13,1824.16,Completado
72,4,2024-06-09,971.15,Pendiente
73,4,2024-02-29,1935.7,Pendiente
74,5,2025-06-13,2821.88,Completado
75,5,2024-05-02,2727.81,Completado
76,5,2025-05-07,3207.6,Completado
77,5,2025-08-15,1163.09,Completado
78,5,2024-07-28,984.19,Completado
79,6,2024-08-10,3640.65,Completado
80,6,2025-12-18,3899.69,Completado
81,6,2025-07-05,3573.98,Completado
82,6,2024-08-21,3043.1,Completado
83,6,2026-05-04,3059.98,Completado
84,6,2024-08-12,1546.33,Completado
85,6,2025-02-28,1986.05,Completado
86,6,2025-07-24,3704.62,Completado
87,6,2026-05-13,2004.03,Completado
88,6,2025-05-19,2009.56,Completado
89,6,2026-02-12,3700.33,Completado
90,6,2025-05-25,1611.78,Completado
91,7,2024-04-27,8186.82,Completado
92,7,2025-02-24,8209.48,Completado
93,7,2025-02-11,9735.21,Completado
94,7,2025-03-04,3580.24,Completado
95,7,2024-06-25,9742.56,Completado
96,7,2026-01-01,6892.04,Completado
97,7,2024-05-19,6693.91,Cancelado
98,8,2026-01-16,2572.33,Pendiente
99,8,2025-04-17,1331.89,Completado
100,8,2024-08-01,2254.53,Completado
101,8,2024-11-25,3683.71,Completado
102,8,2024-03-23,3867.85,Completado
103,8,2025-03-04,2258.1,Completado
104,8,2024-03-19,1342.98,Completado
105,8,2025-12-19,1930.73,Completado
106,8,2026-03-13,1953.1,Completado
107,8,2025-07-26,903.41,Completado
108,8,2026-03-05,2728.9,Completado
109,8,2025-09-20,1043.84,Completado
110,9,2025-06-25,3579.24,Completado
111,9,2024-12-08,3316.53,Completado
112,9,2025-04-10,8673.87,Cancelado
113,9,2024-09-25,5637.17,Completado
114,9,2024-11-04,9789.4,Completado
115,9,2025-07-06,3444.58,Completado
116,9,2025-08-25,4913.85,Completado
117,9,2025-09-01,7842.0,Completado
118,9,2026-01-06,9976.46,Completado
119,9,2025-10-18,9613.36,Completado
120,9,2024-08-24,4687.59,Completado
121,9,2024-04-02,9678.36,Completado
122,10,2025-11-30,19418.91,Completado
123,10,2025-08-21,12567.43,Completado
124,10,2025-05-15,16845.23,Completado
125,10,2025-07-10,22487.09,Completado
126,10,2025-10-01,9502.94,Completado
127,10,2025-10-13,10278.26,Completado
128,10,2025-04-02,21339.36,Completado
129,11,2025-12-06,3690.08,Completado
130,11,2025-07-30,2687.74,Completado
131,11,2025-12-06,3693.31,Completado
132,11,2025-03-12,2242.91,Completado
133,11,2026-03-23,2790.68,Completado
134,11,2025-02-07,3348.71,Completado
135,11,2025-11-02,2374.77,Completado
136,11,2024-12-05,3936.1,Completado
137,11,2025-04-20,1469.22,Completado
138,11,2025-01-16,1212.42,Completado
139,11,2024-12-31,2080.96,Completado
140,11,2025-09-22,3028.8,Completado
141,11,2025-04-10,2448.76,Pendiente
142,11,2024-11-27,1415.32,Completado
143,11,2024-10-02,1904.26,Completado
144,11,2026-03-15,1083.85,Completado
145,11,2025-05-18,1939.17,Completado
146,11,2024-12-14,1856.32,Completado
147,12,2025-02-18,7814.49,Completado
148,12,2025-02-04,9446.11,Completado
149,12,2024-11-15,9078.11,Completado
150,12,2025-06-30,9903.8,Completado
151,12,2024-12-15,6391.66,Completado
152,12,2025-01-06,6237.74,Completado
153,12,2026-03-30,4034.17,Completado
154,12,2024-10-23,9266.45,Completado
155,12,2026-03-12,3750.2,Completado
156,12,2024-11-04,3734.08,Completado
157,12,2024-11-17,3140.5,Completado
158,12,2025-06-08,3624.43,Completado
159,12,2026-04-10,9233.69,Completado
160,12,2025-11-18,8524.2,Completado
161,12,2025-02-08,7089.4,Completado
162,12,2025-10-24,6951.21,Completado
163,12,2026-03-22,9297.53,Completado
164,12,2026-01-06,5492.68,Cancelado
165,12,2025-11-01,4660.59,Completado
166,12,2026-03-07,6414.67,Completado
167,12,2026-01-09,4995.67,Completado
168,12,2025-03-06,3561.64,Completado
169,13,2025-06-24,9876.65,Completado
170,13,2025-09-25,7031.99,Completado
171,13,2025-03-05,4805.32,Completado
172,13,2026-01-22,8029.2,Completado
173,13,2024-12-03,4959.85,Completado
174,13,2025-09-29,9775.96,Completado
175,13,2025-06-20,8153.73,Completado
176,13,2024-11-08,7274.34,Completado
177,13,2025-03-26,9524.1,Completado
178,13,2025-07-24,3362.76,Completado
179,13,2024-11-17,6840.22,Completado
180,13,2024-11-20,7792.0,Completado
181,13,2025-09-22,7770.52,Completado
182,13,2026-05-11,5882.89,Completado
183,13,2025-09-21,8221.82,Completado
184,14,2025-03-26,1456.01,Completado
185,14,2026-04-06,3171.59,Completado
186,14,2025-10-24,1247.27,Completado
187,14,2025-08-06,3358.52,Completado
188,14,2025-04-23,3406.64,Completado
189,14,2025-12-24,3705.17,Completado
190,14,2024-12-21,2055.82,Completado
191,14,2025-08-31,3084.1,Completado
192,14,2026-01-05,2527.3,Completado
193,14,2025-04-03,3678.64,Completado
194,14,2025-02-21,2797.56,Completado
195,14,2025-12-05,3137.76,Completado
196,14,2026-03-24,3340.88,Completado
197,14,2026-03-02,3660.46,Completado
198,14,2026-05-13,3207.69,Completado
199,14,2025-12-25,3180.63,Completado
200,14,2026-04-15,2380.74,Completado
201,14,2025-03-07,3428.02,Completado
202,15,2025-06-14,2732.67,Completado
203,15,2025-07-29,2356.34,Completado
204,15,2025-03-20,839.05,Completado
205,15,2025-08-29,3091.77,Completado
206,15,2024-11-21,3869.04,Completado
207,16,2024-12-11,2278.42,Completado
208,16,2025-12-19,3717.93,Completado
209,16,2025-06-16,2756.65,Completado
210,16,2026-02-21,1127.08,Completado
211,16,2025-03-31,3752.0,Completado
212,16,2025-03-04,3267.99,Completado
213,16,2025-01-08,3156.62,Completado
214,17,2026-01-25,1192.99,Completado
215,17,2025-11-25,3484.47,Completado
216,17,2024-12-15,3583.67,Completado
217,17,2026-02-18,975.24,Completado
218,17,2026-02-23,3320.93,Completado
219,17,2025-08-15,2519.67,Completado
220,17,2026-01-04,2290.24,Completado
221,17,2025-11-26,2247.1,Completado
222,17,2025-06-11,1594.32,Completado
223,17,2025-06-12,2140.56,Completado
224,17,2025-06-09,3297.59,Completado
225,17,2025-05-19,1480.58,Completado
226,17,2025-03-08,2268.76,Completado
227,17,2025-11-21,1073.12,Cancelado
228,17,2025-11-06,2705.23,Completado
229,17,2025-07-17,2165.72,Completado
230,17,2025-10-28,1456.45,Completado
231,17,2026-02-16,2008.72,Completado
232,18,2025-03-13,20139.01,Completado
233,18,2026-05-11,15492.97,Completado
234,18,2025-06-09,21011.06,Completado
235,18,2025-09-15,22650.36,Completado
236,18,2025-10-09,12629.13,Completado
237,18,2025-06-05,14948.48,Completado
238,18,2026-04-15,22276.41,Completado
239,18,2025-01-02,8460.63,Completado
240,19,2025-03-29,13767.61,Completado
241,19,2025-03-26,19096.68,Completado
242,19,2026-03-28,21690.35,Cancelado
243,19,2025-11-18,22546.84,Completado
244,19,2026-05-01,24054.97,Completado
245,19,2026-03-08,12983.51,Completado
246,19,2025-02-10,18765.09,Completado
247,19,2025-04-29,8451.05,Completado
248,19,2025-03-11,18929.73,Completado
249,19,2026-02-23,21896.54,Completado
250,19,2025-09-25,22026.82,Completado
251,19,2025-06-02,12557.08,Completado
252,19,2026-04-01,21155.19,Completado
253,19,2025-03-28,13005.92,Completado
254,19,2026-01-11,21255.9,Completado
255,20,2025-09-28,8598.99,Completado
256,20,2025-06-20,6587.2,Completado
257,20,2025-10-20,5817.85,Completado
258,20,2025-11-30,8844.51,Cancelado
259,20,2026-05-13,9304.01,Completado
260,20,2025-12-15,3128.73,Completado
261,20,2026-02-01,8705.38,Completado
262,20,2025-03-31,6879.25,Completado
263,20,2026-03-10,8041.42,Completado
264,20,2026-02-02,3958.2,Completado
265,20,2025-07-09,8125.29,Completado
266,20,2025-10-20,7655.26,Completado
267,20,2025-08-17,8866.75,Completado
268,20,2025-09-03,6632.42,Completado
269,20,2026-01-01,8166.24,Completado
270,20,2025-12-14,8396.9,Completado
271,20,2025-11-19,5020.86,Completado
272,20,2025-06-18,8050.73,Completado
273,20,2026-01-01,6332.35,Completado
274,20,2025-10-29,3945.01,Completado
275,20,2025-11-02,3218.28,Completado
276,21,2025-11-01,8874.24,Completado
277,21,2026-03-02,10629.43,Completado
278,21,2025-05-14,9277.34,Completado
279,21,2025-10-05,19983.73,Completado
280,21,2025-03-27,12188.83,Completado
281,21,2025-10-17,8039.77,Pendiente
282,21,2025-06-12,18033.92,Completado
283,21,2025-04-15,21726.31,Pendiente
284,21,2025-03-19,24154.04,Completado
285,21,2025-12-30,9473.99,Pendiente
286,22,2025-11-05,20903.61,Completado
287,22,2025-12-24,24669.81,Completado
288,22,2026-03-04,11760.56,Cancelado
289,22,2025-07-05,8670.26,Completado
290,22,2025-12-25,24989.01,Completado
291,22,2025-09-03,23563.3,Completado
292,22,2025-10-04,20427.4,Completado
293,22,2026-05-03,24507.99,Completado
294,22,2025-08-30,20666.1,Completado
295,22,2025-09-20,8629.13,Completado
296,22,2025-09-25,10049.64,Completado
297,22,2026-03-29,17014.51,Completado
298,22,2025-07-18,13359.94,Completado
299,22,2026-01-05,16842.86,Completado
300,22,2025-09-25,11960.31,Completado
301,23,2025-08-16,868.06,Completado
302,23,2025-12-01,2028.68,Completado
303,23,2025-08-21,830.35,Completado
304,23,2026-03-15,2335.3,Completado
305,23,2026-03-06,3949.07,Completado
306,23,2025-09-16,1564.09,Completado
307,23,2025-12-02,1750.41,Completado
308,23,2025-12-06,1547.54,Completado
309,23,2026-01-22,3713.09,Completado
310,23,2026-05-14,2053.22,Completado
311,23,2026-01-16,3839.88,Completado
312,23,2026-01-27,3943.46,Completado
313,23,2025-07-24,3691.92,Cancelado
314,23,2026-01-28,3971.74,Completado
315,23,2025-12-08,3481.04,Completado
316,23,2026-03-13,2440.6,Completado
317,23,2026-02-24,2029.09,Completado
318,24,2026-04-13,21613.08,Completado
319,24,2026-02-25,23024.36,Completado
320,24,2026-03-23,10956.22,Completado
321,24,2026-01-19,16350.17,Cancelado
322,24,2025-07-28,21869.16,Completado
323,24,2025-11-22,20713.82,Completado
324,24,2025-10-01,17861.47,Completado
325,24,2025-11-07,14649.89,Completado
326,24,2025-08-23,23108.72,Pendiente
327,24,2026-01-11,21761.77,Completado
328,25,2026-03-27,5859.17,Completado
329,25,2026-04-21,8063.94,Completado
330,25,2025-09-19,4541.28,Completado
331,25,2025-11-02,3430.62,Completado
332,25,2025-12-06,8772.77,Completado
333,25,2025-09-22,6960.12,Completado
334,25,2026-05-02,6648.82,Completado
335,25,2025-11-13,8954.07,Completado
336,25,2026-01-29,5338.06,Completado
337,25,2026-02-10,7760.99,Completado
338,25,2026-02-17,4110.24,Completado
339,25,2026-04-19,3204.73,Completado
340,26,2026-02-01,13697.02,Completado
341,26,2025-11-15,21905.44,Completado
342,26,2025-09-06,8108.56,Completado
343,26,2025-10-10,13549.37,Completado
344,26,2026-04-05,14403.82,Completado
345,26,2026-02-04,10183.63,Completado
346,26,2025-11-07,15348.09,Completado
347,26,2025-10-24,11051.45,Completado
348,26,2026-03-09,10953.81,Completado
349,26,2026-04-01,10828.42,Completado
350,26,2026-03-06,8984.65,Completado
351,26,2026-03-23,22816.13,Pendiente
352,26,2026-03-17,20744.08,Completado
353,26,2025-09-01,9115.64,Completado
354,26,2025-11-12,21919.36,Completado
355,26,2025-09-20,10701.95,Completado
356,26,2025-08-29,15245.08,Completado
357,27,2026-02-06,13072.37,Completado
358,27,2026-02-24,19568.49,Completado
359,27,2025-09-29,22756.92,Pendiente
360,27,2026-03-05,15349.69,Completado
361,27,2026-03-29,22575.12,Pendiente
362,27,2026-01-27,12661.66,Cancelado
363,28,2025-11-30,3661.12,Completado
364,28,2026-04-10,1441.15,Completado
365,29,2025-12-25,3565.95,Completado
366,29,2026-02-17,1309.59,Completado
367,29,2026-03-10,3285.11,Completado
368,29,2026-01-26,3235.28,Completado
369,29,2025-12-31,3746.71,Completado
370,30,2025-12-22,2340.87,Completado
371,30,2025-12-24,2743.38,Completado
372,30,2025-12-16,1441.68,Completado
373,30,2026-02-08,2884.86,Completado
374,30,2026-04-16,3352.19,Completado
375,30,2026-02-17,2286.72,Completado
376,30,2026-02-27,2335.8,Completado
377,31,2026-02-07,8299.41,Pendiente
378,31,2026-05-09,8070.0,Completado
379,31,2026-02-03,4694.32,Cancelado
380,31,2026-03-14,6376.49,Completado
381,32,2026-03-23,21188.68,Completado
382,32,2026-04-15,16801.1,Completado
383,33,2026-02-08,8564.45,Completado
384,33,2026-01-31,13475.61,Pendiente
385,33,2026-04-09,19720.9,Completado
386,33,2026-04-17,8700.12,Completado
387,33,2026-04-23,18819.31,Completado
388,33,2026-01-15,18111.2,Completado
389,34,2026-05-05,3792.65,Completado
390,34,2026-04-13,3365.53,Completado
391,35,2026-01-24,7625.74,Completado
392,35,2026-01-23,8721.08,Completado
393,35,2026-01-20,3285.28,Completado
394,35,2026-01-31,3571.41,Completado
395,36,2026-02-13,6354.95,Completado
396,36,2026-02-19,9831.06,Completado
397,36,2026-02-08,9102.83,Completado
398,36,2026-03-04,6487.37,Completado
399,36,2026-02-18,7572.84,Completado
400,37,2026-04-17,2881.04,Completado
401,37,2026-03-24,1505.8,Completado
402,38,2026-03-06,2280.39,Completado
403,38,2026-03-30,2130.9,Completado
404,39,2026-03-24,3153.12,Completado
405,39,2026-04-13,2538.56,Completado
406,39,2026-04-30,2203.57,Completado
407,39,2026-04-25,3594.95,Completado
408,39,2026-03-26,2896.03,Cancelado
409,39,2026-05-13,1949.28,Completado
410,40,2026-04-30,22211.97,Completado
411,40,2026-04-16,20169.02,Completado
412,40,2026-04-13,18753.19,Completado
